damp;ILUT;LU;;;;
0.1;3.24521;3.7255;;;;
.2;2.86092;3.35425;;;;
.3;2.7701;3.25713;;;;
.4;2.55099;3.1175;;;;
.5;2.47749;2.91045;;;;
.6;2.41899;2.79158;;;;
.7;2.54569;2.97812;;;;
.8;2.59608;3.0402;;;;
.9;2.61567;3.3898;;;;
1.0;2.75368;3.16863;;;;
